place,11/20/20,11/21/20,11/22/20,11/23/20,11/24/20,11/25/20,11/26/20,11/27/20,11/28/20,11/29/20,11/30/20,12/1/20,12/2/20,12/3/20,12/4/20,12/5/20,12/6/20,12/7/20,12/8/20,12/9/20,12/10/20,12/11/20,12/12/20,12/13/20,12/14/20,12/15/20,12/16/20,12/17/20,12/18/20,12/19/20,12/20/20,12/21/20,12/22/20,12/23/20,12/24/20,12/25/20,12/26/20,12/27/20,12/28/20,12/29/20,12/30/20
Italia,1345767.0 +/- 1.0,1375621.1 +/- 1061.9,1404256.5 +/- 2159.8,1431610.6 +/- 3302.6,1457634.8 +/- 4483.3,1482294.5 +/- 5694.5,1505568.7 +/- 6928.1,1527449.4 +/- 8175.4,1547940.9 +/- 9427.9,1567059.3 +/- 10676.8,1584830.9 +/- 11913.8,1601291.6 +/- 13130.7,1616485.5 +/- 14320.1,1630463.5 +/- 15475.1,1643282.5 +/- 16589.4,1655003.6 +/- 17657.8,1665691.4 +/- 18675.7,1675412.7 +/- 19639.7,1684235.3 +/- 20547.1,1692227.2 +/- 21396.0,1699455.7 +/- 22185.5,1705986.7 +/- 22915.4,1711883.8 +/- 23586.3,1717208.1 +/- 24199.4,1722017.6 +/- 24756.3,1726366.9 +/- 25259.3,1730307.1 +/- 25711.0,1733885.4 +/- 26114.2,1737145.2 +/- 26472.1,1740126.3 +/- 26787.9,1742864.7 +/- 27064.8,1745392.8 +/- 27306.2,1747739.7 +/- 27515.3,1749931.0 +/- 27695.3,1751989.7 +/- 27849.1,1753935.8 +/- 27979.8,1755786.6 +/- 28089.9,1757557.4 +/- 28181.9,1759261.3 +/- 28258.2,1760909.4 +/- 28320.8,1762511.3 +/- 28371.6
scuola14,1059390.0 +/- 1.0,1081507.4 +/- 862.1,1102617.4 +/- 1746.2,1122678.9 +/- 2660.5,1141662.7 +/- 3598.7,1159550.7 +/- 4554.5,1176336.1 +/- 5520.9,1192022.0 +/- 6490.9,1206621.6 +/- 7457.7,1220156.4 +/- 8414.2,1232656.0 +/- 9354.2,1244156.6 +/- 10271.5,1254700.3 +/- 11160.5,1264333.6 +/- 12016.6,1273107.0 +/- 12835.3,1281073.1 +/- 13613.4,1288286.6 +/- 14348.0,1294802.5 +/- 15037.2,1300676.1 +/- 15679.7,1305961.7 +/- 16275.0,1310712.3 +/- 16823.2,1314979.0 +/- 17324.8,1318810.5 +/- 17781.0,1322252.8 +/- 18193.5,1325349.0 +/- 18564.1,1328139.3 +/- 18895.0,1330660.6 +/- 19188.8,1332946.5 +/- 19448.0,1335027.8 +/- 19675.2,1336932.1 +/- 19873.2,1338684.1 +/- 20044.5,1340305.7 +/- 20191.9,1341816.3 +/- 20317.8,1343232.9 +/- 20424.6,1344570.3 +/- 20514.5,1345841.3 +/- 20589.6,1347056.9 +/- 20651.8,1348226.7 +/- 20702.9,1349358.6 +/- 20744.3,1350459.4 +/- 20777.5,1351534.7 +/- 20803.8
FuoriLombardia,988104.0 +/- 1.0,1012176.0 +/- 845.0,1035499.6 +/- 1725.7,1058016.4 +/- 2653.6,1079676.1 +/- 3624.6,1100437.1 +/- 4633.6,1120266.2 +/- 5675.1,1139139.0 +/- 6743.0,1157039.5 +/- 7830.8,1173960.0 +/- 8931.7,1189900.4 +/- 10038.8,1204868.2 +/- 11145.4,1218877.6 +/- 12244.8,1231948.9 +/- 13330.3,1244108.0 +/- 14396.1,1255385.5 +/- 15436.3,1265816.3 +/- 16445.9,1275438.5 +/- 17420.3,1284292.9 +/- 18355.5,1292422.2 +/- 19248.3,1299870.6 +/- 20095.9,1306682.8 +/- 20896.3,1312903.6 +/- 21648.3,1318577.7 +/- 22351.1,1323748.8 +/- 23004.4,1328459.3 +/- 23608.6,1332750.3 +/- 24164.6,1336660.9 +/- 24673.5,1340228.2 +/- 25137.0,1343487.2 +/- 25557.0,1346470.6 +/- 25935.6,1349208.8 +/- 26275.2,1351729.9 +/- 26578.1,1354059.4 +/- 26846.9,1356220.9 +/- 27084.2,1358235.4 +/- 27292.5,1360122.2 +/- 27474.3,1361898.4 +/- 27632.2,1363579.1 +/- 27768.3,1365177.9 +/- 27885.1,1366706.7 +/- 27984.5
FuoriLombardiaEmiliaVeneto,871945.0 +/- 1.0,893007.2 +/- 781.5,913395.1 +/- 1593.4,933059.1 +/- 2446.6,951956.6 +/- 3336.9,970052.9 +/- 4259.7,987320.8 +/- 5209.8,1003740.7 +/- 6181.5,1019300.4 +/- 7168.9,1033994.8 +/- 8165.9,1047825.7 +/- 9166.4,1060801.4 +/- 10164.1,1072935.8 +/- 11153.1,1084248.2 +/- 12127.8,1094762.6 +/- 13082.7,1104507.2 +/- 14013.0,1113513.4 +/- 14914.1,1121815.7 +/- 15782.1,1129450.5 +/- 16613.7,1136456.0 +/- 17406.1,1142871.3 +/- 18157.1,1148735.9 +/- 18865.1,1154089.5 +/- 19529.0,1158971.2 +/- 20148.4,1163419.4 +/- 20723.2,1167471.1 +/- 21253.9,1171162.2 +/- 21741.5,1174526.8 +/- 22187.0,1177597.1 +/- 22592.1,1180403.5 +/- 22958.5,1182974.2 +/- 23288.2,1185335.5 +/- 23583.3,1187511.6 +/- 23846.2,1189524.7 +/- 24079.1,1191394.7 +/- 24284.2,1193140.0 +/- 24464.0,1194776.9 +/- 24620.6,1196320.0 +/- 24756.2,1197782.3 +/- 24872.9,1199175.5 +/- 24972.8,1200509.5 +/- 25057.5
Nord,721433.0 +/- 1.0,735791.2 +/- 669.7,749458.9 +/- 1353.3,762410.5 +/- 2057.6,774628.2 +/- 2777.5,786102.4 +/- 3507.8,796831.0 +/- 4243.1,806819.1 +/- 4978.0,816078.3 +/- 5706.9,824626.0 +/- 6424.8,832484.9 +/- 7126.7,839682.2 +/- 7808.1,846248.6 +/- 8465.2,852217.8 +/- 9094.4,857625.6 +/- 9692.8,862509.3 +/- 10258.1,866906.9 +/- 10788.8,870856.7 +/- 11283.5,874396.4 +/- 11741.8,877563.0 +/- 12163.6,880392.4 +/- 12549.4,882918.5 +/- 12900.0,885173.9 +/- 13216.6,887188.8 +/- 13500.7,888991.3 +/- 13754.0,890607.4 +/- 13978.4,892060.9 +/- 14176.0,893373.3 +/- 14348.9,894563.8 +/- 14499.1,895649.8 +/- 14628.8,896646.7 +/- 14740.0,897567.8 +/- 14834.8,898425.1 +/- 14914.9,899228.8 +/- 14982.1,899987.8 +/- 15038.1,900709.5 +/- 15084.2,901400.6 +/- 15122.0,902066.5 +/- 15152.5,902711.8 +/- 15176.8,903340.4 +/- 15196.0,903955.4 +/- 15210.8
Lombardia,357663.0 +/- 1.0,363246.8 +/- 384.4,368434.1 +/- 765.3,373226.6 +/- 1146.9,377630.0 +/- 1525.5,381654.3 +/- 1898.1,385312.9 +/- 2261.4,388621.8 +/- 2612.6,391599.6 +/- 2949.2,394266.7 +/- 3269.2,396644.4 +/- 3571.0,398755.0 +/- 3853.1,400621.1 +/- 4114.8,402265.1 +/- 4355.7,403708.8 +/- 4575.6,404973.4 +/- 4774.8,406078.8 +/- 4953.9,407044.1 +/- 5113.7,407886.7 +/- 5255.0,408622.6 +/- 5379.2,409266.6 +/- 5487.4,409831.8 +/- 5581.0,410330.0 +/- 5661.4,410771.6 +/- 5729.7,411165.7 +/- 5787.5,411520.2 +/- 5835.8,411841.9 +/- 5875.9,412136.7 +/- 5909.0,412409.5 +/- 5935.9,412664.4 +/- 5957.6,412905.0 +/- 5974.9,413134.0 +/- 5988.5,413353.8 +/- 5999.0,413566.4 +/- 6007.0,413773.4 +/- 6013.0,413975.8 +/- 6017.3,414174.9 +/- 6020.2,414371.2 +/- 6022.0,414565.6 +/- 6023.0,414758.4 +/- 6023.4,414950.1 +/- 6023.2
Sud,260704.0 +/- 1.0,268334.1 +/- 364.9,275839.2 +/- 746.4,283199.8 +/- 1155.0,290398.1 +/- 1590.0,297417.3 +/- 2050.4,304242.2 +/- 2534.8,310859.3 +/- 3041.3,317256.9 +/- 3568.0,323424.7 +/- 4112.7,329354.6 +/- 4672.8,335039.8 +/- 5245.8,340475.7 +/- 5828.7,345659.2 +/- 6418.9,350588.9 +/- 7013.3,355264.9 +/- 7609.0,359689.0 +/- 8203.2,363864.2 +/- 8793.0,367794.9 +/- 9375.8,371486.7 +/- 9949.0,374946.2 +/- 10510.2,378180.8 +/- 11057.1,381199.0 +/- 11587.9,384009.5 +/- 12100.7,386621.9 +/- 12594.0,389046.1 +/- 13066.6,391292.1 +/- 13517.3,393370.4 +/- 13945.5,395291.1 +/- 14350.4,397064.7 +/- 14731.9,398701.4 +/- 15089.8,400211.0 +/- 15424.2,401603.4 +/- 15735.3,402888.0 +/- 16023.6,404073.7 +/- 16289.6,405169.2 +/- 16534.1,406182.6 +/- 16757.9,407121.6 +/- 16961.9,407993.5 +/- 17147.1,408805.0 +/- 17314.5,409562.4 +/- 17465.1
Centro,257454.0 +/- 1.0,263066.8 +/- 275.8,268423.9 +/- 553.2,273516.3 +/- 841.1,278337.9 +/- 1137.6,282885.4 +/- 1440.7,287157.8 +/- 1748.2,291156.6 +/- 2057.8,294885.6 +/- 2367.3,298350.5 +/- 2674.5,301559.0 +/- 2977.2,304520.0 +/- 3273.5,307244.0 +/- 3561.6,309742.5 +/- 3839.8,312027.8 +/- 4106.7,314112.8 +/- 4361.2,316010.8 +/- 4602.4,317735.2 +/- 4829.3,319299.3 +/- 5041.7,320716.6 +/- 5239.2,321999.7 +/- 5421.8,323161.2 +/- 5589.5,324213.0 +/- 5742.7,325166.4 +/- 5881.7,326031.8 +/- 6007.1,326819.3 +/- 6119.6,327537.9 +/- 6219.9,328196.0 +/- 6308.8,328801.3 +/- 6387.1,329360.5 +/- 6455.5,329880.0 +/- 6515.1,330365.3 +/- 6566.5,330821.2 +/- 6610.6,331252.2 +/- 6648.1,331662.0 +/- 6679.8,332054.0 +/- 6706.3,332431.0 +/- 6728.4,332795.4 +/- 6746.4,333149.5 +/- 6761.1,333494.9 +/- 6772.8,333833.3 +/- 6782.0
scuola24,223457.0 +/- 1.0,229647.6 +/- 346.5,235693.8 +/- 707.3,241580.2 +/- 1091.0,247292.6 +/- 1496.3,252818.9 +/- 1921.5,258148.3 +/- 2364.8,263271.9 +/- 2824.0,268182.4 +/- 3296.9,272874.3 +/- 3780.8,277343.9 +/- 4273.2,281588.9 +/- 4771.4,285608.9 +/- 5272.5,289404.9 +/- 5774.0,292979.1 +/- 6273.1,296335.4 +/- 6767.2,299478.7 +/- 7253.8,302414.8 +/- 7730.6,305150.5 +/- 8195.6,307693.7 +/- 8646.6,310052.5 +/- 9082.1,312235.7 +/- 9500.6,314252.5 +/- 9900.8,316112.5 +/- 10281.7,317825.1 +/- 10642.6,319400.1 +/- 10983.0,320847.1 +/- 11302.5,322175.4 +/- 11601.0,323394.3 +/- 11878.7,324512.8 +/- 12135.9,325539.4 +/- 12373.0,326482.4 +/- 12590.6,327349.6 +/- 12789.3,328148.3 +/- 12970.0,328885.5 +/- 13133.7,329567.4 +/- 13281.1,330200.2 +/- 13413.3,330789.2 +/- 13531.3,331339.6 +/- 13636.1,331855.8 +/- 13728.7,332342.0 +/- 13810.2
Piemonte,144038.0 +/- 1.0,147230.5 +/- 261.2,150296.7 +/- 528.2,153229.2 +/- 805.9,156022.0 +/- 1092.6,158670.7 +/- 1386.4,161172.2 +/- 1685.3,163525.0 +/- 1987.4,165728.9 +/- 2290.7,167784.7 +/- 2593.0,169694.7 +/- 2892.4,171462.2 +/- 3187.0,173091.4 +/- 3475.1,174587.1 +/- 3755.0,175955.2 +/- 4025.3,177201.9 +/- 4284.8,178333.8 +/- 4532.3,179357.9 +/- 4767.1,180281.3 +/- 4988.4,181111.2 +/- 5195.9,181855.0 +/- 5389.3,182519.6 +/- 5568.6,183112.0 +/- 5733.7,183638.8 +/- 5885.1,184106.6 +/- 6023.0,184521.2 +/- 6147.9,184888.4 +/- 6260.5,185213.4 +/- 6361.4,185501.3 +/- 6451.3,185756.4 +/- 6531.0,185982.8 +/- 6601.2,186184.4 +/- 6662.7,186364.4 +/- 6716.3,186525.8 +/- 6762.7,186671.2 +/- 6802.6,186803.0 +/- 6836.8,186923.3 +/- 6865.8,187033.9 +/- 6890.3,187136.2 +/- 6910.8,187231.7 +/- 6927.9,187321.4 +/- 6941.9
Campania,129502.0 +/- 1.0,132772.3 +/- 223.0,135934.0 +/- 451.9,138980.2 +/- 693.6,141905.3 +/- 946.9,144704.7 +/- 1210.5,147375.0 +/- 1482.8,149913.6 +/- 1762.2,152319.4 +/- 2047.1,154591.9 +/- 2335.5,156731.8 +/- 2625.9,158740.5 +/- 2916.4,160620.5 +/- 3205.1,162374.7 +/- 3490.6,164006.9 +/- 3771.2,165521.4 +/- 4045.3,166923.0 +/- 4311.8,168216.7 +/- 4569.4,169408.2 +/- 4817.1,170503.0 +/- 5054.0,171507.0 +/- 5279.4,172426.1 +/- 5492.8,173266.1 +/- 5693.7,174033.0 +/- 5882.0,174732.4 +/- 6057.6,175369.9 +/- 6220.4,175950.8 +/- 6370.8,176480.3 +/- 6508.9,176963.3 +/- 6635.1,177404.3 +/- 6749.9,177807.7 +/- 6853.7,178177.4 +/- 6947.3,178517.2 +/- 7031.0,178830.5 +/- 7105.7,179120.4 +/- 7171.8,179389.7 +/- 7230.2,179641.1 +/- 7281.3,179876.8 +/- 7325.8,180098.9 +/- 7364.4,180309.3 +/- 7397.6,180509.6 +/- 7425.9
Veneto,116159.0 +/- 1.0,119053.6 +/- 200.8,121875.2 +/- 409.9,124615.3 +/- 634.6,127266.3 +/- 873.9,129821.6 +/- 1126.9,132275.6 +/- 1392.1,134623.7 +/- 1668.1,136862.4 +/- 1953.1,138989.2 +/- 2245.4,141002.4 +/- 2543.0,142901.6 +/- 2844.0,144687.1 +/- 3146.3,146360.1 +/- 3448.1,147922.6 +/- 3747.3,149377.2 +/- 4042.3,150727.4 +/- 4331.2,151976.9 +/- 4612.5,153130.0 +/- 4884.8,154191.4 +/- 5146.9,155166.1 +/- 5397.7,156059.1 +/- 5636.4,156875.8 +/- 5862.2,157621.3 +/- 6074.8,158301.0 +/- 6273.8,158920.2 +/- 6459.0,159483.7 +/- 6630.5,159996.6 +/- 6788.5,160463.6 +/- 6933.2,160889.2 +/- 7065.1,161277.5 +/- 7184.7,161632.4 +/- 7292.5,161957.8 +/- 7389.1,162256.9 +/- 7475.4,162532.9 +/- 7551.8,162788.6 +/- 7619.3,163026.6 +/- 7678.5,163249.1 +/- 7730.1,163458.4 +/- 7774.8,163656.2 +/- 7813.3,163844.1 +/- 7846.2
EmiliaRomagna,100344.0 +/- 1.0,102611.3 +/- 148.6,104816.9 +/- 300.3,106953.9 +/- 462.5,109016.3 +/- 634.6,110998.8 +/- 816.0,112896.9 +/- 1005.4,114707.4 +/- 1201.9,116427.5 +/- 1403.9,118055.5 +/- 1610.3,119590.8 +/- 1819.6,121033.1 +/- 2030.3,122383.2 +/- 2240.9,123642.7 +/- 2450.1,124813.5 +/- 2656.5,125898.4 +/- 2858.8,126900.4 +/- 3055.9,127823.1 +/- 3246.6,128670.4 +/- 3430.0,129446.4 +/- 3605.4,130155.4 +/- 3772.2,130801.8 +/- 3929.7,131390.0 +/- 4077.6,131924.5 +/- 4215.8,132409.8 +/- 4344.1,132849.9 +/- 4462.5,133249.2 +/- 4571.3,133611.5 +/- 4670.6,133940.5 +/- 4760.7,134239.7 +/- 4842.0,134512.5 +/- 4915.0,134761.9 +/- 4980.2,134990.6 +/- 5038.0,135201.3 +/- 5089.0,135396.2 +/- 5133.7,135577.3 +/- 5172.7,135746.7 +/- 5206.4,135905.9 +/- 5235.5,136056.4 +/- 5260.3,136199.5 +/- 5281.4,136336.3 +/- 5299.1
Lazio,97449.0 +/- 1.0,99751.0 +/- 146.5,101962.4 +/- 292.6,104078.7 +/- 445.8,106096.4 +/- 605.3,108012.8 +/- 770.0,109826.3 +/- 938.7,111536.4 +/- 1110.4,113143.2 +/- 1283.6,114648.0 +/- 1457.2,116052.5 +/- 1630.0,117359.3 +/- 1800.8,118571.5 +/- 1968.4,119692.8 +/- 2131.9,120727.4 +/- 2290.3,121679.5 +/- 2442.8,122554.0 +/- 2588.7,123355.7 +/- 2727.3,124089.5 +/- 2858.4,124760.5 +/- 2981.5,125373.5 +/- 3096.4,125933.4 +/- 3203.0,126445.0 +/- 3301.4,126912.7 +/- 3391.7,127340.8 +/- 3474.0,127733.6 +/- 3548.6,128094.6 +/- 3615.8,128427.7 +/- 3676.0,128735.9 +/- 3729.6,129022.3 +/- 3777.1,129289.7 +/- 3818.8,129540.5 +/- 3855.3,129777.0 +/- 3887.0,130001.2 +/- 3914.4,130214.7 +/- 3937.8,130419.2 +/- 3957.7,130616.1 +/- 3974.4,130806.4 +/- 3988.5,130991.3 +/- 4000.1,131171.7 +/- 4009.5,131348.3 +/- 4017.2
Toscana,90884.0 +/- 1.0,92885.9 +/- 138.6,94796.6 +/- 275.5,96612.8 +/- 417.6,98332.4 +/- 563.9,99954.0 +/- 713.5,101477.3 +/- 865.2,102902.7 +/- 1018.2,104231.5 +/- 1171.1,105465.6 +/- 1323.0,106607.6 +/- 1472.9,107660.7 +/- 1619.7,108628.4 +/- 1762.7,109514.9 +/- 1900.9,110324.3 +/- 2033.7,111061.3 +/- 2160.5,111730.5 +/- 2280.9,112336.6 +/- 2394.4,112884.5 +/- 2500.9,113378.7 +/- 2600.0,113823.9 +/- 2691.9,114224.5 +/- 2776.5,114584.8 +/- 2853.9,114908.9 +/- 2924.4,115200.5 +/- 2988.1,115463.2 +/- 3045.4,115700.4 +/- 3096.7,115915.0 +/- 3142.2,116109.8 +/- 3182.4,116287.5 +/- 3217.7,116450.1 +/- 3248.5,116599.9 +/- 3275.2,116738.5 +/- 3298.2,116867.7 +/- 3317.8,116988.8 +/- 3334.4,117103.0 +/- 3348.4,117211.5 +/- 3360.1,117315.2 +/- 3369.8,117414.8 +/- 3377.6,117511.1 +/- 3384.0,117604.6 +/- 3389.0
Sicilia,50033.0 +/- 1.0,51765.5 +/- 125.7,53514.0 +/- 257.2,55275.6 +/- 402.4,57047.1 +/- 561.9,58825.5 +/- 736.4,60607.4 +/- 926.3,62389.8 +/- 1132.0,64169.4 +/- 1353.8,65943.1 +/- 1591.9,67707.7 +/- 1846.3,69460.1 +/- 2117.1,71197.2 +/- 2404.1,72916.1 +/- 2707.1,74614.0 +/- 3025.6,76288.1 +/- 3359.4,77935.8 +/- 3707.7,79554.7 +/- 4069.9,81142.4 +/- 4445.4,82696.8 +/- 4833.1,84215.8 +/- 5232.3,85697.8 +/- 5641.9,87141.0 +/- 6060.8,88544.0 +/- 6488.0,89905.5 +/- 6922.2,91224.6 +/- 7362.2,92500.3 +/- 7806.9,93732.0 +/- 8254.8,94919.1 +/- 8704.9,96061.4 +/- 9155.7,97158.8 +/- 9606.0,98211.1 +/- 10054.7,99218.8 +/- 10500.4,100182.0 +/- 10942.0,101101.3 +/- 11378.5,101977.4 +/- 11808.7,102810.9 +/- 12231.5,103602.8 +/- 12646.2,104354.0 +/- 13051.7,105065.6 +/- 13447.3,105738.8 +/- 13832.2
Liguria,46755.0 +/- 1.0,47411.8 +/- 65.4,48029.1 +/- 126.9,48607.2 +/- 189.1,49146.7 +/- 251.8,49648.3 +/- 314.4,50113.2 +/- 376.4,50542.7 +/- 437.5,50938.4 +/- 497.2,51301.9 +/- 555.0,51635.0 +/- 610.8,51939.7 +/- 664.0,52217.9 +/- 714.6,52471.6 +/- 762.4,52702.6 +/- 807.1,52913.0 +/- 848.7,53104.6 +/- 887.2,53279.3 +/- 922.5,53438.6 +/- 954.7,53584.3 +/- 983.9,53717.8 +/- 1010.3,53840.6 +/- 1033.8,53954.0 +/- 1054.7,54059.2 +/- 1073.2,54157.1 +/- 1089.4,54248.9 +/- 1103.5,54335.3 +/- 1115.7,54417.1 +/- 1126.2,54495.0 +/- 1135.1,54569.6 +/- 1142.7,54641.5 +/- 1149.0,54711.0 +/- 1154.3,54778.6 +/- 1158.7,54844.5 +/- 1162.2,54909.2 +/- 1165.1,54972.7 +/- 1167.4,55035.3 +/- 1169.3,55097.2 +/- 1170.7,55158.5 +/- 1171.8,55219.4 +/- 1172.6,55279.8 +/- 1173.2
Puglia,40803.0 +/- 1.0,42127.8 +/- 109.8,43456.8 +/- 224.3,44786.8 +/- 350.1,46114.8 +/- 487.9,47437.4 +/- 637.9,48751.6 +/- 800.3,50054.4 +/- 975.2,51342.7 +/- 1162.5,52613.7 +/- 1362.0,53864.6 +/- 1573.5,55092.9 +/- 1796.6,56296.1 +/- 2030.7,57471.9 +/- 2275.3,58618.3 +/- 2529.5,59733.5 +/- 2792.6,60815.7 +/- 3063.8,61863.6 +/- 3341.9,62875.8 +/- 3626.1,63851.5 +/- 3915.1,64789.8 +/- 4208.0,65690.1 +/- 4503.5,66552.2 +/- 4800.5,67375.8 +/- 5097.8,68161.0 +/- 5394.4,68908.0 +/- 5689.1,69617.3 +/- 5980.8,70289.3 +/- 6268.6,70924.9 +/- 6551.4,71524.9 +/- 6828.4,72090.2 +/- 7098.7,72621.9 +/- 7361.5,73121.2 +/- 7616.3,73589.4 +/- 7862.3,74027.7 +/- 8099.1,74437.5 +/- 8326.2,74820.1 +/- 8543.4,75177.1 +/- 8750.4,75509.8 +/- 8946.9,75819.6 +/- 9133.0,76107.9 +/- 9308.6
Marche,25613.0 +/- 1.0,26015.4 +/- 53.5,26391.4 +/- 104.6,26741.0 +/- 157.0,27064.3 +/- 210.1,27361.9 +/- 263.4,27634.4 +/- 316.4,27882.8 +/- 368.5,28108.1 +/- 419.4,28311.7 +/- 468.5,28494.8 +/- 515.6,28659.0 +/- 560.2,28805.7 +/- 602.2,28936.4 +/- 641.5,29052.6 +/- 677.7,29155.7 +/- 711.0,29247.1 +/- 741.3,29328.0 +/- 768.7,29399.9 +/- 793.1,29463.7 +/- 814.9,29520.5 +/- 834.0,29571.4 +/- 850.8,29617.1 +/- 865.3,29658.4 +/- 877.7,29696.0 +/- 888.4,29730.5 +/- 897.3,29762.4 +/- 904.8,29792.1 +/- 911.1,29820.1 +/- 916.2,29846.6 +/- 920.4,29872.0 +/- 923.7,29896.4 +/- 926.3,29920.0 +/- 928.4,29943.1 +/- 930.0,29965.6 +/- 931.2,29987.8 +/- 932.0,30009.7 +/- 932.6,30031.4 +/- 933.0,30052.9 +/- 933.2,30074.2 +/- 933.3,30095.4 +/- 933.3
FriuliVeneziaGiulia,22940.0 +/- 1.0,23658.0 +/- 84.1,24380.7 +/- 172.8,25106.4 +/- 271.1,25833.4 +/- 379.4,26560.0 +/- 498.0,27284.3 +/- 627.0,28004.9 +/- 766.6,28719.8 +/- 916.7,29427.6 +/- 1077.4,30126.6 +/- 1248.4,30815.3 +/- 1429.4,31492.2 +/- 1620.2,32156.1 +/- 1820.2,32805.5 +/- 2028.9,33439.4 +/- 2245.8,34056.7 +/- 2470.2,34656.3 +/- 2701.2,35237.5 +/- 2938.2,35799.5 +/- 3180.3,36341.7 +/- 3426.5,36863.6 +/- 3676.0,37364.7 +/- 3927.9,37845.0 +/- 4181.1,38304.1 +/- 4434.9,38742.1 +/- 4688.1,39158.9 +/- 4940.0,39554.8 +/- 5189.6,39930.0 +/- 5436.1,40284.8 +/- 5678.7,40619.6 +/- 5916.6,40934.9 +/- 6149.1,41231.3 +/- 6375.7,41509.3 +/- 6595.6,41769.6 +/- 6808.5,42012.9 +/- 7013.8,42239.9 +/- 7211.2,42451.2 +/- 7400.4,42647.7 +/- 7581.2,42830.2 +/- 7753.3,42999.4 +/- 7916.8
Abruzzo,22547.0 +/- 1.0,23180.5 +/- 69.6,23801.7 +/- 139.2,24409.0 +/- 213.5,25000.7 +/- 292.5,25575.4 +/- 375.9,26131.9 +/- 463.5,26668.9 +/- 554.8,27185.5 +/- 649.5,27680.9 +/- 747.2,28154.5 +/- 847.2,28605.8 +/- 949.3,29034.5 +/- 1052.7,29440.4 +/- 1157.0,29823.7 +/- 1261.5,30184.4 +/- 1365.9,30522.9 +/- 1469.5,30839.5 +/- 1571.8,31134.8 +/- 1672.3,31409.5 +/- 1770.7,31664.3 +/- 1866.4,31899.8 +/- 1959.1,32117.1 +/- 2048.5,32316.9 +/- 2134.3,32500.3 +/- 2216.3,32668.1 +/- 2294.2,32821.3 +/- 2368.0,32960.9 +/- 2437.6,33087.8 +/- 2502.8,33203.0 +/- 2563.8,33307.4 +/- 2620.5,33401.8 +/- 2673.1,33487.1 +/- 2721.5,33564.2 +/- 2765.9,33633.7 +/- 2806.6,33696.5 +/- 2843.5,33753.1 +/- 2877.0,33804.3 +/- 2907.3,33850.6 +/- 2934.4,33892.5 +/- 2958.6,33930.5 +/- 2980.2
Umbria,20961.0 +/- 1.0,21332.4 +/- 47.1,21680.5 +/- 91.2,22005.5 +/- 136.0,22307.6 +/- 181.3,22587.2 +/- 226.6,22844.9 +/- 271.6,23081.6 +/- 316.0,23298.1 +/- 359.5,23495.4 +/- 401.8,23674.6 +/- 442.5,23836.8 +/- 481.6,23983.2 +/- 518.6,24114.8 +/- 553.6,24233.0 +/- 586.5,24338.8 +/- 617.0,24433.5 +/- 645.2,24517.9 +/- 671.2,24593.3 +/- 694.8,24660.6 +/- 716.2,24720.6 +/- 735.5,24774.3 +/- 752.7,24822.4 +/- 768.0,24865.6 +/- 781.5,24904.6 +/- 793.3,24939.9 +/- 803.5,24972.0 +/- 812.4,25001.5 +/- 819.9,25028.7 +/- 826.3,25054.0 +/- 831.7,25077.7 +/- 836.2,25100.0 +/- 840.0,25121.2 +/- 843.0,25141.5 +/- 845.4,25161.0 +/- 847.4,25179.8 +/- 848.9,25198.2 +/- 850.0,25216.1 +/- 850.9,25233.8 +/- 851.5,25251.1 +/- 851.9,25268.2 +/- 852.1
scuola7,20117.0 +/- 1.0,20662.1 +/- 68.7,21189.2 +/- 138.1,21696.6 +/- 212.1,22183.1 +/- 290.4,22647.3 +/- 372.5,23088.6 +/- 457.9,23506.1 +/- 545.9,23899.6 +/- 636.1,24268.8 +/- 727.6,24613.8 +/- 819.7,24935.0 +/- 911.9,25232.6 +/- 1003.4,25507.4 +/- 1093.6,25760.1 +/- 1181.9,25991.7 +/- 1267.7,26203.0 +/- 1350.6,26395.2 +/- 1430.1,26569.4 +/- 1505.9,26726.8 +/- 1577.7,26868.6 +/- 1645.3,26996.0 +/- 1708.5,27110.1 +/- 1767.2,27212.2 +/- 1821.5,27303.2 +/- 1871.4,27384.4 +/- 1916.9,27456.7 +/- 1958.1,27521.1 +/- 1995.3,27578.4 +/- 2028.7,27629.5 +/- 2058.4,27675.1 +/- 2084.7,27716.0 +/- 2107.9,27752.8 +/- 2128.1,27785.9 +/- 2145.7,27816.0 +/- 2160.9,27843.4 +/- 2173.9,27868.6 +/- 2184.9,27891.9 +/- 2194.2,27913.6 +/- 2202.0,27934.0 +/- 2208.5,27953.2 +/- 2213.8
Bolzano,20117.0 +/- 1.0,20662.1 +/- 68.7,21189.2 +/- 138.1,21696.6 +/- 212.1,22183.1 +/- 290.4,22647.3 +/- 372.5,23088.6 +/- 457.9,23506.1 +/- 545.9,23899.6 +/- 636.1,24268.8 +/- 727.6,24613.8 +/- 819.7,24935.0 +/- 911.9,25232.6 +/- 1003.4,25507.4 +/- 1093.6,25760.1 +/- 1181.9,25991.7 +/- 1267.7,26203.0 +/- 1350.6,26395.2 +/- 1430.1,26569.4 +/- 1505.9,26726.8 +/- 1577.7,26868.6 +/- 1645.3,26996.0 +/- 1708.5,27110.1 +/- 1767.2,27212.2 +/- 1821.5,27303.2 +/- 1871.4,27384.4 +/- 1916.9,27456.7 +/- 1958.1,27521.1 +/- 1995.3,27578.4 +/- 2028.7,27629.5 +/- 2058.4,27675.1 +/- 2084.7,27716.0 +/- 2107.9,27752.8 +/- 2128.1,27785.9 +/- 2145.7,27816.0 +/- 2160.9,27843.4 +/- 2173.9,27868.6 +/- 2184.9,27891.9 +/- 2194.2,27913.6 +/- 2202.0,27934.0 +/- 2208.5,27953.2 +/- 2213.8
Sardegna,17578.0 +/- 1.0,18045.8 +/- 58.3,18515.6 +/- 117.9,18986.8 +/- 183.4,19458.5 +/- 255.0,19930.0 +/- 333.0,20400.6 +/- 417.6,20869.5 +/- 508.9,21336.0 +/- 607.0,21799.4 +/- 711.9,22258.9 +/- 823.7,22713.9 +/- 942.3,23163.7 +/- 1067.6,23607.7 +/- 1199.4,24045.3 +/- 1337.7,24475.8 +/- 1482.2,24898.8 +/- 1632.5,25313.8 +/- 1788.5,25720.3 +/- 1949.8,26117.8 +/- 2115.9,26506.0 +/- 2286.5,26884.5 +/- 2461.2,27253.1 +/- 2639.5,27611.5 +/- 2820.9,27959.4 +/- 3004.9,28296.8 +/- 3191.0,28623.5 +/- 3378.7,28939.4 +/- 3567.4,29244.4 +/- 3756.7,29538.6 +/- 3946.0,29822.0 +/- 4134.8,30094.7 +/- 4322.6,30356.7 +/- 4508.9,30608.2 +/- 4693.2,30849.4 +/- 4875.2,31080.5 +/- 5054.2,31301.6 +/- 5230.1,31513.0 +/- 5402.3,31715.0 +/- 5570.6,31907.9 +/- 5734.6,32091.9 +/- 5894.0
Calabria,13027.0 +/- 1.0,13438.5 +/- 65.8,13846.1 +/- 134.3,14248.6 +/- 208.8,14644.7 +/- 289.5,15033.2 +/- 376.0,15413.1 +/- 468.2,15783.4 +/- 565.8,16143.1 +/- 668.5,16491.4 +/- 775.7,16827.6 +/- 887.1,17151.0 +/- 1002.0,17461.2 +/- 1120.0,17757.7 +/- 1240.4,18040.4 +/- 1362.5,18308.8 +/- 1485.7,18563.1 +/- 1609.4,18803.2 +/- 1732.9,19029.2 +/- 1855.6,19241.3 +/- 1976.9,19439.8 +/- 2096.2,19625.0 +/- 2212.9,19797.4 +/- 2326.6,19957.3 +/- 2436.9,20105.3 +/- 2543.3,20242.0 +/- 2645.5,20367.8 +/- 2743.2,20483.4 +/- 2836.2,20589.4 +/- 2924.3,20686.4 +/- 3007.4,20775.0 +/- 3085.5,20855.7 +/- 3158.5,20929.3 +/- 3226.4,20996.2 +/- 3289.4,21057.0 +/- 3347.5,21112.2 +/- 3400.9,21162.4 +/- 3449.8,21208.0 +/- 3494.3,21249.5 +/- 3534.6,21287.3 +/- 3571.1,21321.8 +/- 3603.9
Valled'Aosta,5832.0 +/- 1.0,5926.5 +/- 25.8,6016.2 +/- 50.5,6101.1 +/- 76.0,6181.2 +/- 101.9,6256.5 +/- 128.2,6326.9 +/- 154.7,6392.5 +/- 181.3,6453.5 +/- 207.7,6509.9 +/- 233.8,6562.0 +/- 259.5,6609.7 +/- 284.5,6653.5 +/- 308.9,6693.3 +/- 332.4,6729.5 +/- 354.9,6762.3 +/- 376.5,6791.9 +/- 396.9,6818.4 +/- 416.2,6842.2 +/- 434.3,6863.4 +/- 451.3,6882.2 +/- 467.0,6898.9 +/- 481.5,6913.6 +/- 494.8,6926.6 +/- 507.0,6938.0 +/- 518.1,6947.9 +/- 528.1,6956.5 +/- 537.1,6964.1 +/- 545.2,6970.6 +/- 552.4,6976.2 +/- 558.7,6981.0 +/- 564.2,6985.2 +/- 569.1,6988.8 +/- 573.3,6991.9 +/- 576.9,6994.5 +/- 580.0,6996.7 +/- 582.7,6998.7 +/- 584.9,7000.3 +/- 586.8,7001.7 +/- 588.3,7003.0 +/- 589.5,7004.0 +/- 590.5
Molise,3659.0 +/- 1.0,3767.1 +/- 31.0,3875.0 +/- 63.6,3982.4 +/- 99.5,4089.2 +/- 139.0,4195.0 +/- 182.1,4299.6 +/- 228.7,4402.7 +/- 278.8,4504.2 +/- 332.4,4603.7 +/- 389.3,4701.1 +/- 449.4,4796.2 +/- 512.5,4888.8 +/- 578.4,4978.7 +/- 647.0,5065.9 +/- 717.8,5150.1 +/- 790.8,5231.3 +/- 865.5,5309.5 +/- 941.8,5384.4 +/- 1019.2,5456.2 +/- 1097.5,5524.7 +/- 1176.3,5589.9 +/- 1255.3,5651.9 +/- 1334.2,5710.7 +/- 1412.7,5766.3 +/- 1490.5,5818.7 +/- 1567.3,5868.1 +/- 1642.8,5914.4 +/- 1716.8,5957.9 +/- 1789.0,5998.5 +/- 1859.2,6036.4 +/- 1927.3,6071.7 +/- 1993.1,6104.4 +/- 2056.4,6134.8 +/- 2117.1,6162.9 +/- 2175.1,6188.9 +/- 2230.3,6212.8 +/- 2282.8,6234.8 +/- 2332.4,6255.1 +/- 2379.2,6273.6 +/- 2423.1,6290.6 +/- 2464.3
